{
"type": "Conveyor",
"loadEffect": {
"type": "ParticleEffect",
"line": true,
"particles": 7,
"lifetime": 15,
"length": 25,
"cone": -360,
"lenFrom": 5,
"lenTo": 0,
"colorFrom": "A9D8FFFF",
"colorTo": "66B1FFFF"
},
"unloadEffect": {
"type": "ParticleEffect",
"line": true,
"particles": 7,
"lifetime": 15,
"length": 25,
"cone": -360,
"lenFrom": 5,
"lenTo": 0,
"colorFrom": "A9D8FFFF",
"colorTo": "66B1FFFF"
},
"health": 300,
"speed": 0.10,
    "requirements": [
        "fossil/1"
    ],
research: {
parent: core-desert,
requirements: [
 fossil/5
 ]
}
"category": "distribution"

}
