{
    "type": "flying",
    "speed": 0.50,
    "accel": 0.1,
    "drag": 0.02,
    "flying": true,
    "health": 1500,
    "hitSize": 12,
    "armor": 7,
    "itemCapacity": 10,
  "outlineColor": "36363c",
    "engineOffset": 6,
 "engineColor": "ff0000",
    "faceTarget": true,
     "immunities": [
		"burning",
		"melting"
	],
	"weapons": [
		{
  "name": "destroy",
  "y": 10,
  "x": 0,
  "shootY": 12.5,
  "ejectEffect": "none",
  "rotate": false,
  "alternate": false,
  "mirror": false,
  "shots": 1,
  "reload": 185,
  "recoil": 2,
  "shake": 0.1,
  "shootCone": 20,
  "cooldownTime": 145,
  "heatColor": "ff0000",
  "shootSound": "beam",
  "chargeSound": "lasercharge2",
  "continuous": true,
    "bullet": { 
    "type": "ContinuousLaserBulletType",
    "damage": 81,
    "width": 10,
    "length": 240,
    "drawSize": 470,
    "lifetime": 310,
    "shake": 0.5,
    "despawnEffect": "smokeCloud",
    "smokeEffect": "smokeCloud",
    "largeHit": true,
    "status": "melting",
    "statusDuration": 50,
    "colors":["ff0000", "ff0000", "ff0000", "ff0000"],
    "hitEffect": {
    "type": "ParticleEffect",
    "line": true,
    "particles": 5,
    "lifetime": 15,
    "length": 35,
    "cone": -360,
    "lenFrom": 8,
    "lenTo": 0,
    "colorFrom": "ff0000",
    "colorTo": "ff0000"
      },
    "shootEffect": {
    "type": "ParticleEffect",
    "line": true,
    "particles": 12,
    "offset": 55,
    "lifetime": 13,
    "length": 35,
    "cone": -30,
    "lenFrom": 10,
    "lenTo": 0,
    "colorFrom": "FFFFFF",
    "colorTo": "BF92F9FF"
    }
    }
    },
    
{
    "name": "destroy2",
    "reload": 35,
    "mirror": true,
    "x": 20,
    "y": 10,
    "shootY": 8,
    "recoil": 1.5,
    "shake": 2,
    "rotate": true,
    "shootSound": "laser",
    "rotateSpeed": 1.3,
    "shootCone": 45,
	"bullet": {
    "type": "LaserBulletType",
    "length": 180,
    "width": 30,
    "damage": 60,
    "hitEffect": {
    "type": "ParticleEffect",
    "line": true,
    "particles": 5,
    "lifetime": 20,
    "lightColor": "fffb00",
    "length": 45,
    "cone": -360,
    "lenFrom": 5,
    "lenTo": 0,
    "colorFrom": "fffb00",
    "colorTo": "fffb00"
    },
    "shootEffect": {
    "type": "ParticleEffect",
    "line": true,
    "particles": 5,
    "lifetime": 20,
    "length": 45,
    "lightColor": "fffb00",
    "cone": -360,
    "lenFrom": 5,
    "lenTo": 0,
    "colorFrom": "fffb00",
    "colorTo": "fffb00"
    },
    "colors":["fffb00", "fffb00", "fffb00"],
    "lightColor": "fffb00",
    "sideAngle": 90,
    "sideLength": 0,
    "sideWidth": 0
    }
  }
  ]
}
